{"puzzles": [], "name": "T", "nEdges": 6, "faces": [[1, 3, 2], [0, 1, 2], [0, 2, 3], [0, 3, 1]], "nVertices": 4, "vertices": [[0.5773502691896258, 0.5773502691896258, 0.5773502691896258], [0.5773502691896258, -0.5773502691896258, -0.5773502691896258], [-0.5773502691896258, 0.5773502691896258, -0.5773502691896258], [-0.5773502691896258, -0.5773502691896258, 0.5773502691896258]], "id": "T", "nCells": 4}
